model,setting,train_rmse,test_rmse,train_r2,test_r2
DecisionTree,max_depth=10,19.38050971214634,66.24183872096833,0.9381863801712836,0.17179020054241645
DecisionTree,max_depth=2,57.95364855870338,61.1187337707425,0.44726705293355085,0.2949428791304852
DecisionTree,max_depth=4,50.24195996789203,59.74081738077601,0.5845804478210278,0.3263754171777956
DecisionTree,max_depth=6,39.22348301758298,60.58603550788877,0.7468102621416424,0.3071795839764523
DecisionTree,max_depth=None,0.0,70.54642267903446,1.0,0.060653981041140725
LinearRegression,default,53.55884336723094,53.85344583676593,0.5279193863361498,0.45260276297191937
RandomForest,n_estimators=200,21.395079805238428,54.461217375612414,0.9246676338688875,0.4401775677972706
